{"cameraMode":{"drawMode":0,"name":"Shaded","section":"Shading Mode"},"sceneLighting":true,"audioPlay":false,"sceneViewState":{"m_AlwaysRefresh":false,"showFog":true,"showSkybox":true,"showFlares":true,"showImageEffects":true,"showParticleSystems":true,"showVisualEffectGraphs":true,"m_FxEnabled":true},"in2DMode":false,"pivot":{"x":-1.7926645278930665,"y":0.7988100051879883,"z":1.0691936016082764},"rotation":{"x":0.11688251793384552,"y":-0.6524641513824463,"z":0.10282494127750397,"w":0.7416605949401856},"size":8.15217399597168,"orthographic":false}