{"cameraMode":{"drawMode":0,"name":"Shaded","section":"Shading Mode"},"sceneLighting":true,"audioPlay":false,"sceneViewState":{"m_AlwaysRefresh":false,"showFog":true,"showSkybox":true,"showFlares":true,"showImageEffects":true,"showParticleSystems":true,"showVisualEffectGraphs":true,"m_FxEnabled":true},"in2DMode":false,"pivot":{"x":-1.1392264366149903,"y":-0.7370891571044922,"z":4.213521480560303},"rotation":{"x":0.5559704303741455,"y":-0.042348988354206088,"z":0.02837839350104332,"w":0.8296409249305725},"size":12.18583869934082,"orthographic":false}